Hydrogen,Temp_in_the_reactor
0.0,-5.380059381878963
0.01001001001001001,-1.4449790524449566
0.02002002002002002,-0.980147364755311
0.03003003003003003,-3.0041297970502225
0.04004004004004004,-4.92053694759238
0.050050050050050046,-9.129241538496295
0.06006006006006006,-9.420786959616997
0.07007007007007007,5.821314089015544
0.08008008008008008,2.9455930785286504
0.09009009009009009,-2.5998836302558215
0.10010010010010009,4.873106700496855
0.11011011011011011,-3.95375915501656
0.12012012012012012,-1.9253175812799292
0.13013013013013014,-10.394383480122633
0.14014014014014015,-0.4518050835950822
0.15015015015015015,-15.045399113806011
0.16016016016016016,-2.429606457548706
0.17017017017017017,-11.382704600603422
0.18018018018018017,0.9926416012405603
0.19019019019019018,-7.541946086178297
0.20020020020020018,-6.763924448034839
0.21021021021021022,10.145441253295742
0.22022022022022023,-3.447293627004248
0.23023023023023023,3.2080672737415314
0.24024024024024024,-0.47598644189970374
0.2502502502502503,-2.634786525825844
0.2602602602602603,-9.989373342936123
0.2702702702702703,-8.382487460004238
0.2802802802802803,-11.91390831362192
0.2902902902902903,1.180244880932861
0.3003003003003003,-8.917745616228945
0.3103103103103103,0.5501401978828708
0.3203203203203203,-15.528851424721376
0.3303303303303303,6.125854407145522
0.34034034034034033,-5.880102276749273
0.35035035035035034,-8.34174128113963
0.36036036036036034,-10.750043896064982
0.37037037037037035,0.9350786262415767
0.38038038038038036,-5.521157426997285
0.39039039039039036,-6.469871102270718
0.40040040040040037,-3.0184955345517737
0.41041041041041043,0.25985722041336956
0.42042042042042044,-8.882604305248988
0.43043043043043044,-15.227767797853973
0.44044044044044045,0.5863661088363026
0.45045045045045046,1.4507040598195982
0.46046046046046046,6.064934644820139
0.47047047047047047,-0.7794848081726045
0.4804804804804805,-3.1373196913776016
0.4904904904904905,-11.082730682529995
0.5005005005005005,-5.654941369686023
0.5105105105105106,-5.519556379796775
0.5205205205205206,0.2811361809135393
0.5305305305305306,-5.023064559747688
0.5405405405405406,-5.242119454522708
0.5505505505505506,-5.214893905140954
0.5605605605605606,-1.5154137954711722
0.5705705705705706,-0.10887695509619721
0.5805805805805806,-9.922880196415196
0.5905905905905906,-4.75597811228632
0.6006006006006006,-10.173115828369477
0.6106106106106106,-6.030867355265604
0.6206206206206206,-7.332979238890854
0.6306306306306306,2.615475007378162
0.6406406406406406,-13.261741707881882
0.6506506506506506,-5.6643678931519945
0.6606606606606606,-16.52697022471391
0.6706706706706707,-7.4063362746587575
0.6806806806806807,-4.915898485420588
0.6906906906906907,-4.5899996588457315
0.7007007007007007,5.419408380637146
0.7107107107107107,-15.56379811077703
0.7207207207207207,-8.873828844775755
0.7307307307307307,-9.29551204748762
0.7407407407407407,-0.8062284634361356
0.7507507507507507,-3.7492754202244445
0.7607607607607607,-11.478845753859394
0.7707707707707707,-6.613962179180769
0.7807807807807807,-4.653264347369621
0.7907907907907907,4.782896952422133
0.8008008008008007,-9.90595542111296
0.8108108108108109,-12.769688030110078
0.8208208208208209,-3.3822095655073596
0.8308308308308309,6.5902664962471
0.8408408408408409,-3.500440971194374
0.8508508508508509,-4.798189836219501
0.8608608608608609,-19.391452489688458
0.8708708708708709,-2.4627247193368964
0.8808808808808809,-8.037868469344188
0.8908908908908909,-10.543326308862856
0.9009009009009009,-14.246549577450072
0.9109109109109109,-14.789929328584751
0.9209209209209209,-15.463759138635302
0.9309309309309309,-6.133836259800972
0.9409409409409409,-2.124979743905361
0.950950950950951,-2.5293111338922376
0.960960960960961,-8.240829238574443
0.970970970970971,-0.6044364854989777
0.980980980980981,-8.64545891993183
0.990990990990991,-12.618634326519924
1.001001001001001,-9.290474845747255
1.011011011011011,-9.595104385200685
1.021021021021021,-12.317489622509985
1.031031031031031,0.23509258905546737
1.0410410410410411,-8.664376317947667
1.0510510510510511,-2.9028541296014296
1.0610610610610611,-0.6651524628097221
1.0710710710710711,-6.274609756795032
1.0810810810810811,-13.210909518428808
1.0910910910910911,-14.335111434225926
1.1011011011011012,-9.489596230612841
1.1111111111111112,-0.3599122453204924
1.1211211211211212,-1.7659517260732809
1.1311311311311312,-2.9240663402660685
1.1411411411411412,-2.8304011415111665
1.1511511511511512,-1.0136324723373722
1.1611611611611612,-24.985413958450742
1.1711711711711712,-9.475471563942307
1.1811811811811812,-9.176766785720062
1.1911911911911912,-5.2494383350457445
1.2012012012012012,3.549545471879677
1.2112112112112112,-2.866609174769269
1.2212212212212212,-14.38541311580044
1.2312312312312312,2.761650060288517
1.2412412412412412,-8.43913945072917
1.2512512512512513,-20.538093208076937
1.2612612612612613,-7.217292617682712
1.2712712712712713,-9.961668083404286
1.2812812812812813,-12.349092116566208
1.2912912912912913,-18.158281139349924
1.3013013013013013,-4.999598245061082
1.3113113113113113,-19.413754748387156
1.3213213213213213,-15.090890812733825
1.3313313313313313,-14.211334125261525
1.3413413413413413,-16.859086530386556
1.3513513513513513,-4.328604523650176
1.3613613613613613,-7.754778384623592
1.3713713713713713,-11.740915848864375
1.3813813813813813,-13.459968617647064
1.3913913913913913,-9.863138916982855
1.4014014014014013,-5.369566636590978
1.4114114114114114,-11.978065682180736
1.4214214214214214,-9.050683051613248
1.4314314314314314,-15.645399771967075
1.4414414414414414,0.06530933394182803
1.4514514514514514,-11.369904232627283
1.4614614614614614,-15.111938413302973
1.4714714714714714,-5.443104428375286
1.4814814814814814,-11.159261160042464
1.4914914914914914,-10.249236962377426
1.5015015015015014,-9.561576220712004
1.5115115115115114,-14.486520555879654
1.5215215215215214,-6.567896704069285
1.5315315315315314,0.5354179956673395
1.5415415415415414,-4.68183848821562
1.5515515515515514,-28.06256440173865
1.5615615615615615,-9.109297729203146
1.5715715715715715,-8.875975650843415
1.5815815815815815,-0.08676553328145609
1.5915915915915915,-4.690338910631249
1.6016016016016015,-19.477799986221996
1.6116116116116117,-9.681033486324173
1.6216216216216217,-14.815895139719403
1.6316316316316317,-11.00321096249275
1.6416416416416417,-13.928448036931545
1.6516516516516517,-13.545073843549538
1.6616616616616617,-15.758798932352672
1.6716716716716717,-4.368590617126994
1.6816816816816818,-3.0298718908757802
1.6916916916916918,-14.209388547095825
1.7017017017017018,-15.275641180336589
1.7117117117117118,-16.438937777893294
1.7217217217217218,-6.250736294266289
1.7317317317317318,-8.955810721306936
1.7417417417417418,-15.850728999522072
1.7517517517517518,1.1731119488972084
1.7617617617617618,0.0921830381472013
1.7717717717717718,-5.898004577668543
1.7817817817817818,-7.37834902882882
1.7917917917917918,-13.09942002768615
1.8018018018018018,-10.628187086150218
1.8118118118118118,-20.570351445913886
1.8218218218218218,-3.4618692828401665
1.8318318318318318,-9.777506269961595
1.8418418418418419,-8.002236842786576
1.8518518518518519,-10.900680099066438
1.8618618618618619,-9.385429085271886
1.8718718718718719,-11.178583356986495
1.8818818818818819,-3.561516326938082
1.8918918918918919,0.8209904044413747
1.901901901901902,-10.74359304775599
1.911911911911912,-17.12633770383275
1.921921921921922,-7.16188175661177
1.931931931931932,-16.20770226358652
1.941941941941942,-18.921067633481073
1.951951951951952,-10.020084100528168
1.961961961961962,-5.857805138089417
1.971971971971972,-2.855026340169969
1.981981981981982,-19.26480386175598
1.991991991991992,-6.032765229358646
2.002002002002002,-4.087315751303416
2.012012012012012,-9.33348217280176
2.022022022022022,-14.725552494387635
2.032032032032032,-12.662315688733797
2.042042042042042,-24.891841157432516
2.052052052052052,-0.21263883826184937
2.062062062062062,-11.091894271346792
2.0720720720720722,-8.799816204431705
2.0820820820820822,-17.75506797360405
2.0920920920920922,-8.561648176985203
2.1021021021021022,-14.915477518496605
2.1121121121121122,-7.681698912041907
2.1221221221221223,-13.143765385392818
2.1321321321321323,-12.788936745444099
2.1421421421421423,-16.057722549686105
2.1521521521521523,-14.68890598767493
2.1621621621621623,-13.961394795002274
2.1721721721721723,-6.130357006104324
2.1821821821821823,-12.021515394829644
2.1921921921921923,-6.0167949524460385
2.2022022022022023,-4.146444569542927
2.2122122122122123,-10.50812015220825
2.2222222222222223,-13.685951220973328
2.2322322322322323,-13.18108462681497
2.2422422422422423,-17.111541953008114
2.2522522522522523,-4.43548047284955
2.2622622622622623,-8.137175214539358
2.2722722722722724,-10.187807984037011
2.2822822822822824,-2.949027546089088
2.2922922922922924,-7.838264165719607
2.3023023023023024,-10.205508458197992
2.3123123123123124,-24.360025238439448
2.3223223223223224,-10.526277094930636
2.3323323323323324,-8.43893353037884
2.3423423423423424,-12.28772496710339
2.3523523523523524,-15.97467137281134
2.3623623623623624,-5.091821658631844
2.3723723723723724,-9.175824395011492
2.3823823823823824,-4.5668717074427585
2.3923923923923924,-12.154983913326525
2.4024024024024024,-12.906057488827969
2.4124124124124124,-3.9451518670901446
2.4224224224224224,-10.471258267422515
2.4324324324324325,-11.735156158571618
2.4424424424424425,-13.815120182757472
2.4524524524524525,-13.071389169074855
2.4624624624624625,-9.11095359378827
2.4724724724724725,-9.695619226209345
2.4824824824824825,-11.415556785856971
2.4924924924924925,-18.062051369260097
2.5025025025025025,-15.950168706067984
2.5125125125125125,-13.982817233620384
2.5225225225225225,-12.670746467658647
2.5325325325325325,-21.17829205139668
2.5425425425425425,-25.42911729494321
2.5525525525525525,-17.00587217896654
2.5625625625625625,-8.844689830626397
2.5725725725725725,-14.229267082584576
2.5825825825825826,-18.58901002277356
2.5925925925925926,-13.768526468950798
2.6026026026026026,-9.191741112928808
2.6126126126126126,-17.16526972448608
2.6226226226226226,-23.94207129832591
2.6326326326326326,0.44836465923600777
2.6426426426426426,-11.558133331119922
2.6526526526526526,-10.961475266422383
2.6626626626626626,-6.407283127530652
2.6726726726726726,-10.104658090230995
2.6826826826826826,-27.575909614577853
2.6926926926926926,-13.13686319383146
2.7027027027027026,-6.822216042553434
2.7127127127127126,-18.769017064258158
2.7227227227227226,-8.866554119246484
2.7327327327327327,-23.61740787343628
2.7427427427427427,-10.480383113475675
2.7527527527527527,-0.22660836950924867
2.7627627627627627,-5.251694362855362
2.7727727727727727,-7.730802916363253
2.7827827827827827,-2.473569696974586
2.7927927927927927,-7.4576208183657835
2.8028028028028027,-10.07154902647048
2.8128128128128127,-5.5680830435097945
2.8228228228228227,-8.489026183624059
2.8328328328328327,-17.21992596802201
2.8428428428428427,-18.435250862238796
2.8528528528528527,-17.388773053815157
2.8628628628628627,-14.396908087113546
2.8728728728728727,-18.671924158155456
2.8828828828828827,-10.95274545032501
2.8928928928928928,-17.998054885652586
2.9029029029029028,-2.0175050140704496
2.9129129129129128,-15.213315100795398
2.9229229229229228,-0.710371454375661
2.932932932932933,-11.322392399965583
2.942942942942943,-9.753653697111506
2.952952952952953,-17.23764255998667
2.962962962962963,-10.185887536205463
2.972972972972973,-5.185158034889698
2.982982982982983,-10.94501181181798
2.992992992992993,-10.830573871867724
3.003003003003003,-8.537096716235224
3.013013013013013,-9.638288949364682
3.023023023023023,-11.823628243377426
3.033033033033033,-17.188614754176506
3.043043043043043,-13.384316865793835
3.053053053053053,-12.312791675779364
3.063063063063063,-17.261552045084176
3.073073073073073,-5.0286143200280975
3.083083083083083,-11.641506896878896
3.093093093093093,-17.751489429976576
3.103103103103103,-13.158674806752947
3.113113113113113,-14.797517534584715
3.123123123123123,-8.754299788143474
3.133133133133133,-10.697158624617993
3.143143143143143,-21.09831655692003
3.153153153153153,-17.941901811280538
3.163163163163163,-9.976534547029914
3.173173173173173,-22.602061461701147
3.183183183183183,3.890195032533006
3.193193193193193,-9.185636854712037
3.203203203203203,-10.848538943562241
3.2132132132132134,-12.499356835257577
3.2232232232232234,-15.136299169703769
3.2332332332332334,-2.9976042449475653
3.2432432432432434,-7.591648030556669
3.2532532532532534,-8.364632670800606
3.2632632632632634,-7.441813642210162
3.2732732732732734,-10.169048689515368
3.2832832832832834,-19.514468323378537
3.2932932932932935,-19.80570975906643
3.3033033033033035,-8.683346417891252
3.3133133133133135,-7.347669188544103
3.3233233233233235,-14.399577501242497
3.3333333333333335,-10.872060695220227
3.3433433433433435,-11.47893207149585
3.3533533533533535,-6.464088778413708
3.3633633633633635,-6.271116084119721
3.3733733733733735,-16.440296628241754
3.3833833833833835,-7.537557211631094
3.3933933933933935,-15.885541319622611
3.4034034034034035,-6.0640210071242295
3.4134134134134135,-3.9445228794540483
3.4234234234234235,-8.074745754360421
3.4334334334334335,-11.807389508305903
3.4434434434434436,-17.903774673721777
3.4534534534534536,-24.801796042451407
3.4634634634634636,-22.371675569654204
3.4734734734734736,-3.307096727520035
3.4834834834834836,-15.3394626671481
3.4934934934934936,-18.88931029648731
3.5035035035035036,1.5185095524500483
3.5135135135135136,-13.430901511335694
3.5235235235235236,-10.927380838389773
3.5335335335335336,-8.008303693119423
3.5435435435435436,-11.545397472210372
3.5535535535535536,-15.806203722791949
3.5635635635635636,-3.7210226879160633
3.5735735735735736,-11.400522469734009
3.5835835835835836,-5.785438031199018
3.5935935935935936,-21.394305341799175
3.6036036036036037,-11.895203669637965
3.6136136136136137,-7.150748718618141
3.6236236236236237,-11.295354693794184
3.6336336336336337,-15.98051016460754
3.6436436436436437,-2.206766812310425
3.6536536536536537,-14.795443809287278
3.6636636636636637,-22.65504910846925
3.6736736736736737,-2.4839488432498875
3.6836836836836837,-14.415001489009182
3.6936936936936937,-3.8990913477608906
3.7037037037037037,-17.595959227100607
3.7137137137137137,-9.87222741409137
3.7237237237237237,-17.390733042919013
3.7337337337337337,-16.19768435949172
3.7437437437437437,-19.39040886802449
3.7537537537537538,-17.341869151586867
3.7637637637637638,-14.652100344082491
3.7737737737737738,-5.364098358771354
3.7837837837837838,0.7151180009709854
3.793793793793794,-14.56700027612829
3.803803803803804,-8.188218084654194
3.813813813813814,-5.685588636790467
3.823823823823824,-12.656594542586985
3.833833833833834,-16.531142591273436
3.843843843843844,-8.46508406206992
3.853853853853854,-1.4988126329775469
3.863863863863864,-20.373044225409785
3.873873873873874,-7.04599122914521
3.883883883883884,-13.766672833011274
3.893893893893894,-18.068806713244598
3.903903903903904,-7.249507483328186
3.913913913913914,-21.976413488145976
3.923923923923924,-18.51183082382788
3.933933933933934,-8.691033380512158
3.943943943943944,-19.302648139339517
3.953953953953954,-20.333962937996635
3.963963963963964,-17.00229597335551
3.973973973973974,-8.27193972465843
3.983983983983984,-27.895221213190013
3.993993993993994,-5.84199884756665
4.004004004004004,-6.654005693353863
4.014014014014014,-6.923185992249244
4.024024024024024,-13.379543306185237
4.034034034034034,-12.662036843022696
4.044044044044044,-4.709608685599434
4.054054054054054,-9.463583905602091
4.064064064064064,-7.169918368224693
4.074074074074074,-7.589527859755778
4.084084084084084,-7.250281843078498
4.094094094094094,-12.276630701874238
4.104104104104104,-3.1395894853877717
4.114114114114114,0.3528105723733894
4.124124124124124,-13.355954726574481
4.134134134134134,-7.152782711812591
4.1441441441441444,-18.105375226014683
4.1541541541541545,4.506641473588848
4.1641641641641645,-21.859645387260716
4.1741741741741745,-21.298972838210943
4.1841841841841845,-15.04410929580002
4.1941941941941945,0.3405139108170978
4.2042042042042045,-8.563956616822304
4.2142142142142145,-0.7985241054141099
4.2242242242242245,-10.474024255360334
4.2342342342342345,-12.829282281066472
4.2442442442442445,-14.052623394631173
4.2542542542542545,-12.339016095470532
4.2642642642642645,-13.265097107873657
4.2742742742742745,-0.6518256860782969
4.2842842842842845,-6.020139257671778
4.2942942942942945,-17.168722324818546
4.3043043043043046,-15.659094200729538
4.314314314314315,-12.127540709184016
4.324324324324325,-2.772510024571524
4.334334334334335,-1.4624489716974942
4.344344344344345,-6.775210181511232
4.354354354354355,-12.269552759341309
4.364364364364365,-7.879547977104974
4.374374374374375,-17.4634599488813
4.384384384384385,-19.077139026440946
4.394394394394395,-17.55429459506816
4.404404404404405,-4.464300332775856
4.414414414414415,-3.9311797933492096
4.424424424424425,5.048619536730417
4.434434434434435,-15.627953534484863
4.444444444444445,-12.654206962649601
4.454454454454455,-5.419321921451369
4.464464464464465,-5.064139696377043
4.474474474474475,-8.770608056767111
4.484484484484485,-22.145444179690536
4.494494494494495,-11.061242129246413
4.504504504504505,-11.469440712674201
4.514514514514515,-3.0292829009897417
4.524524524524525,-10.833662398167654
4.534534534534535,-5.97696260392489
4.544544544544545,-11.29648177008566
4.554554554554555,-12.691190427621324
4.564564564564565,-16.0411795127433
4.574574574574575,-10.440833533866106
4.584584584584585,-5.330922229862744
4.594594594594595,-9.828617638981054
4.604604604604605,-8.277664531232432
4.614614614614615,-4.6252533255101795
4.624624624624625,-19.224954052252354
4.634634634634635,-16.259419605178905
4.644644644644645,-7.9167509866247245
4.654654654654655,-3.7036049155693185
4.664664664664665,-9.001686819767809
4.674674674674675,0.02583059065077009
4.684684684684685,1.6350777618038457
4.694694694694695,-18.070795367520482
4.704704704704705,-11.074750716464365
4.714714714714715,-8.409832391872323
4.724724724724725,-7.615770269696752
4.734734734734735,-8.748902535248412
4.744744744744745,-22.057499264957865
4.754754754754755,-7.642117504269291
4.764764764764765,-8.409151944377875
4.774774774774775,-18.96298969545959
4.784784784784785,-5.377634320878225
4.794794794794795,-9.037796134746884
4.804804804804805,-15.865189813065923
4.814814814814815,-10.323537567398919
4.824824824824825,0.30022446024585747
4.834834834834835,-13.216909000280456
4.844844844844845,-3.982151140705237
4.854854854854855,-0.5837020308297074
4.864864864864865,-4.688732181915528
4.874874874874875,-9.796295047453697
4.884884884884885,-19.528171020395142
4.894894894894895,-19.766577905168496
4.904904904904905,-5.767926196046772
4.914914914914915,4.565805398288791
4.924924924924925,-5.206194270872464
4.934934934934935,-11.896089006798018
4.944944944944945,-1.7603047574442412
4.954954954954955,-3.559571636347436
4.964964964964965,-14.948025157376053
4.974974974974975,-8.678017772449422
4.984984984984985,-10.196578679646777
4.994994994994995,4.291975763793614
5.005005005005005,-11.802754207616566
5.015015015015015,-7.142516173546079
5.025025025025025,-2.4934422828545415
5.035035035035035,-2.301382720724213
5.045045045045045,-14.364538882840039
5.055055055055055,-9.903886377650124
5.065065065065065,-1.6277784440316552
5.075075075075075,-5.571674973937118
5.085085085085085,-10.648492422137934
5.095095095095095,6.749227734101321
5.105105105105105,-8.54850153237669
5.115115115115115,-7.5369900391008535
5.125125125125125,-14.598519121932668
5.135135135135135,-7.730318160881093
5.145145145145145,4.1250391405588775
5.155155155155155,-11.53836280293189
5.165165165165165,-1.5672914809485965
5.175175175175175,-7.094894176873375
5.185185185185185,-4.903214238514242
5.195195195195195,-10.115294411847628
5.205205205205205,-2.216507818283712
5.215215215215215,-11.64620892496956
5.225225225225225,-18.34713874198237
5.235235235235235,-5.34813226461331
5.245245245245245,-12.914843137099126
5.255255255255255,-3.459184402956783
5.265265265265265,-1.3584621862029973
5.275275275275275,-1.472296907537415
5.285285285285285,-6.138984459165025
5.295295295295295,1.7093059716383898
5.305305305305305,-3.8537115815044274
5.315315315315315,-15.057299542039166
5.325325325325325,2.088328229365578
5.335335335335335,-1.4693438317204404
5.345345345345345,0.6842955232526
5.355355355355355,-12.665820084175897
5.365365365365365,-0.8157228321533001
5.375375375375375,-4.856342349523625
5.385385385385385,-6.225879551905735
5.395395395395395,11.085758206715251
5.405405405405405,-8.621439331238289
5.415415415415415,-6.9035606700559615
5.425425425425425,-0.7751429371899032
5.435435435435435,-4.256802395687525
5.445445445445445,-0.2508769024383444
5.455455455455455,-9.116850626288526
5.465465465465465,2.6088976619741366
5.475475475475475,-2.495636212969348
5.485485485485485,-16.45113980749545
5.495495495495495,-11.465936384231135
5.505505505505505,-2.6610792779809076
5.515515515515515,-18.32765202296776
5.525525525525525,-0.24778548203222694
5.535535535535535,-14.695478681588789
5.545545545545545,4.758941815581693
5.555555555555555,-17.21546180831117
5.565565565565565,-3.6329284500032104
5.575575575575575,-4.714340556047004
5.585585585585585,-5.188980643296179
5.595595595595595,-12.582683834558775
5.605605605605605,-10.677543741991236
5.615615615615615,-18.91488842197724
5.625625625625625,-2.4899510142540224
5.635635635635635,1.0935685154547823
5.645645645645645,-14.023514115474606
5.655655655655655,-12.24437357514406
5.665665665665665,-9.198783483591523
5.675675675675675,-2.3292621857904274
5.685685685685685,-5.348920748633434
5.6956956956956954,-2.752600139999496
5.7057057057057055,-0.7990556178734893
5.7157157157157155,-8.313729718909865
5.7257257257257255,-6.296740168693025
5.7357357357357355,-12.856427536817865
5.7457457457457455,0.8494948234115842
5.7557557557557555,-10.852168793491398
5.7657657657657655,-5.907822491059745
5.7757757757757755,-14.138832237203893
5.7857857857857855,-5.923564953591622
5.7957957957957955,-6.176189725058362
5.8058058058058055,-9.501320360983026
5.8158158158158155,-3.377945533226426
5.8258258258258255,4.40990939576087
5.8358358358358355,8.186173209399314
5.8458458458458455,0.8314900680651824
5.8558558558558556,-7.364101547658706
5.865865865865866,-3.154106724286243
5.875875875875876,10.5209986453057
5.885885885885886,-5.34261661287618
5.895895895895896,-21.669092773205108
5.905905905905906,-3.908590816654858
5.915915915915916,-10.926797187812026
5.925925925925926,-9.38439690289649
5.935935935935936,-0.5886713725684687
5.945945945945946,1.3176825258214908
5.955955955955956,-13.11231901356679
5.965965965965966,-3.5867187988693185
5.975975975975976,0.2822232711049333
5.985985985985986,-1.2421992959957868
5.995995995995996,-3.607218047520293
6.006006006006006,-9.394429849410544
6.016016016016016,0.9583723894384111
6.026026026026026,-11.303275018530815
6.036036036036036,-3.1694276085172395
6.046046046046046,-4.37867305968277
6.056056056056056,0.3915794795753209
6.066066066066066,-6.337145008824772
6.076076076076076,1.5009736782267682
6.086086086086086,-3.2123897513819664
6.096096096096096,3.96847785212538
6.106106106106106,0.16395996907371568
6.116116116116116,-8.080928505876019
6.126126126126126,-5.411745242668209
6.136136136136136,-5.844217919536599
6.146146146146146,12.948776210564354
6.156156156156156,1.2565669907453927
6.166166166166166,0.26193318252547515
6.176176176176176,-3.234911601869251
6.186186186186186,-5.186571952785318
6.196196196196196,-2.582761409742678
6.206206206206206,1.5663977480789355
6.216216216216216,-5.19409859830261
6.226226226226226,-5.009691069372996
6.236236236236236,-9.580430483039985
6.246246246246246,3.412964831727008
6.256256256256256,-2.1442078357033703
6.266266266266266,-12.299745171204968
6.276276276276276,-1.2464530054280027
6.286286286286286,8.358149835647815
6.296296296296296,-8.48660800163059
6.306306306306306,-2.0296553727822313
6.316316316316316,-1.9040494773564953
6.326326326326326,-3.775459862776285
6.336336336336336,-2.3418832978074677
6.346346346346346,-1.8753217189483085
6.356356356356356,-0.5475877682415262
6.366366366366366,-1.6396215050148373
6.376376376376376,4.219682737063778
6.386386386386386,12.47172383619391
6.396396396396396,5.804132860331962
6.406406406406406,9.123197031289626
6.416416416416417,5.860058247509347
6.426426426426427,-19.595117824169062
6.436436436436437,5.378569892233373
6.446446446446447,-1.2370295484787543
6.456456456456457,3.7209504211438875
6.466466466466467,-1.0099732115486257
6.476476476476477,2.5753294173041397
6.486486486486487,2.149535803817061
6.496496496496497,9.563459620211985
6.506506506506507,-4.797022945065879
6.516516516516517,1.8025168828682536
6.526526526526527,-0.6734448118177352
6.536536536536537,-3.3122411731038195
6.546546546546547,-0.589432995592873
6.556556556556557,2.8297174049417464
6.566566566566567,3.048410535815752
6.576576576576577,8.15621101953618
6.586586586586587,4.495036631950755
6.596596596596597,-10.642813943345761
6.606606606606607,-3.7654065108156116
6.616616616616617,3.808343326478262
6.626626626626627,0.8207553331094326
6.636636636636637,14.221482658727101
6.646646646646647,0.9846593494586803
6.656656656656657,-5.840197162770128
6.666666666666667,1.7493324089679203
6.676676676676677,0.43870767831264157
6.686686686686687,2.1662737921852098
6.696696696696697,7.63480040881889
6.706706706706707,14.072160337039358
6.716716716716717,-0.6566386584748778
6.726726726726727,7.677649573506694
6.736736736736737,-7.511413607829741
6.746746746746747,2.4437023428861977
6.756756756756757,9.634464660874684
6.766766766766767,-4.650087527523251
6.776776776776777,0.131918036908651
6.786786786786787,-3.4777325612215915
6.796796796796797,4.289572734502016
6.806806806806807,2.822112471837739
6.816816816816817,-0.4432786413553371
6.826826826826827,2.3811351762813118
6.836836836836837,6.369256469884536
6.846846846846847,10.65693633765446
6.856856856856857,12.920148811852059
6.866866866866867,-3.826809967960517
6.876876876876877,13.875769890187724
6.886886886886887,-2.124959761621467
6.896896896896897,8.031347695433606
6.906906906906907,-1.8205814339650424
6.916916916916917,1.028587961311946
6.926926926926927,3.17306665093116
6.936936936936937,-8.480427584343076
6.946946946946947,4.890214351261802
6.956956956956957,11.4665805768051
6.966966966966967,-4.829168185159974
6.976976976976977,0.5926572520674442
6.986986986986987,-3.5349884855909384
6.996996996996997,10.813216561303562
7.007007007007007,2.2557045596498204
7.017017017017017,1.86800911890312
7.027027027027027,-0.4287133301145305
7.037037037037037,-1.0113038348860375
7.047047047047047,-0.017547456964167374
7.057057057057057,-3.4663282430553863
7.067067067067067,8.78582836556713
7.077077077077077,8.411207159690989
7.087087087087087,3.7342997178706945
7.097097097097097,2.853282777983642
7.107107107107107,1.6925081568876834
7.117117117117117,1.574305508667945
7.127127127127127,3.5877878607055096
7.137137137137137,5.268395313492151
7.147147147147147,3.4419441050013857
7.157157157157157,-3.4362927757361508
7.167167167167167,9.567973228548004
7.177177177177177,6.787995273180285
7.187187187187187,0.9407998964518614
7.197197197197197,15.294636110700687
7.207207207207207,4.447840054222786
7.217217217217217,0.10524121742248926
7.227227227227227,15.694984873036894
7.237237237237237,2.145597656550439
7.247247247247247,9.831448915252588
7.257257257257257,-0.3994264118019455
7.267267267267267,-3.5373353579469846
7.277277277277277,-13.32773073171365
7.287287287287287,9.464861830606093
7.297297297297297,18.53019546853306
7.307307307307307,11.248567237172399
7.317317317317317,11.968445454632494
7.327327327327327,9.491612294470682
7.337337337337337,4.442886291856762
7.347347347347347,7.118751738248262
7.357357357357357,7.066393498410929
7.367367367367367,13.002342914299081
7.377377377377377,15.291676185034653
7.387387387387387,7.386009417376768
7.397397397397397,4.03101628299399
7.407407407407407,0.8341992674625125
7.4174174174174174,10.981155433734184
7.4274274274274275,6.858593589344519
7.4374374374374375,14.681117315858923
7.4474474474474475,8.856600100301133
7.4574574574574575,16.026868988576275
7.4674674674674675,11.69511558910833
7.4774774774774775,7.291170649325603
7.4874874874874875,-2.2683218085330843
7.4974974974974975,5.251798313961908
7.5075075075075075,9.111268440045736
7.5175175175175175,14.03752024877875
7.5275275275275275,-3.5992116036404234
7.5375375375375375,10.53365198592122
7.5475475475475475,12.119371374416414
7.5575575575575575,7.762919914592582
7.5675675675675675,7.647450950202842
7.5775775775775776,14.129663548667523
7.587587587587588,-3.085234555077248
7.597597597597598,15.391213796675993
7.607607607607608,2.5622902423220664
7.617617617617618,15.553024742926528
7.627627627627628,15.551209358926705
7.637637637637638,8.943547745971074
7.647647647647648,5.086047942597767
7.657657657657658,17.142191237900587
7.667667667667668,5.435465064681618
7.677677677677678,2.399870726363492
7.687687687687688,11.817715149307416
7.697697697697698,11.633637167542654
7.707707707707708,3.572708365342452
7.717717717717718,15.108499744493113
7.727727727727728,15.18665967158335
7.737737737737738,16.43525400512226
7.747747747747748,5.407264641613537
7.757757757757758,8.26530153258276
7.767767767767768,-3.6930273531574542
7.777777777777778,9.597777714776665
7.787787787787788,16.02417836506948
7.797797797797798,16.513632513368186
7.807807807807808,2.2416555426593234
7.817817817817818,23.927554817904777
7.827827827827828,3.054697283879918
7.837837837837838,14.379414893304588
7.847847847847848,14.94064103202728
7.857857857857858,18.144967851639883
7.867867867867868,8.544448418728948
7.877877877877878,18.696305596367424
7.887887887887888,14.300359488609597
7.897897897897898,18.36238729305055
7.907907907907908,11.98920871413435
7.917917917917918,18.10983966075833
7.927927927927928,16.004905005756303
7.937937937937938,11.035356364498034
7.947947947947948,16.26372790432478
7.957957957957958,29.210230268722288
7.967967967967968,12.218251971662266
7.977977977977978,12.839715790917856
7.987987987987988,17.475426911855774
7.997997997997998,8.960166205141206
8.008008008008009,7.36152834818133
8.018018018018019,8.82527253870836
8.028028028028029,12.38029952239076
8.038038038038039,11.061804861955693
8.048048048048049,13.069174379275452
8.058058058058059,14.27926088895464
8.068068068068069,20.197340708170053
8.078078078078079,20.112752961637774
8.088088088088089,15.194370024606282
8.098098098098099,20.367436394976846
8.108108108108109,13.263416200356343
8.118118118118119,21.273291651999305
8.128128128128129,11.0654932757162
8.138138138138139,12.144322174872558
8.148148148148149,5.206444810029568
8.158158158158159,5.981201923916366
8.168168168168169,5.437116845803548
8.178178178178179,15.268232775770882
8.188188188188189,4.792874304357287
8.198198198198199,8.774734247843966
8.208208208208209,11.1804176893812
8.218218218218219,13.679904191610165
8.228228228228229,13.131001273899845
8.238238238238239,12.204355718924601
8.248248248248249,12.492445384574506
8.258258258258259,6.9624119070094785
8.268268268268269,21.41897268389732
8.278278278278279,20.56172051984914
8.288288288288289,8.610928086386359
8.298298298298299,16.11923075907379
8.308308308308309,13.661739660753744
8.318318318318319,16.369719524357137
8.328328328328329,14.216829028182827
8.338338338338339,18.330637300835928
8.348348348348349,8.893877556367656
8.358358358358359,20.883595159661112
8.368368368368369,8.65567341888349
8.378378378378379,13.635505839080022
8.388388388388389,14.659575994671167
8.398398398398399,30.789350032717355
8.408408408408409,19.867752952724402
8.418418418418419,22.98562978018394
8.428428428428429,18.327712335388995
8.438438438438439,20.00314137657051
8.448448448448449,18.78163474154584
8.458458458458459,20.214797463279286
8.468468468468469,28.159099519106107
8.478478478478479,16.369695604961798
8.488488488488489,11.683357615114556
8.498498498498499,20.03591252202383
8.508508508508509,21.74290291652205
8.518518518518519,13.682396999434356
8.528528528528529,23.5415848235816
8.538538538538539,29.331815706630326
8.548548548548549,16.136241420732393
8.558558558558559,9.188289954763025
8.568568568568569,6.428323537804905
8.578578578578579,13.53124724749155
8.588588588588589,16.999954501417655
8.598598598598599,26.58302636740217
8.608608608608609,19.332771335236643
8.618618618618619,24.03045479857228
8.62862862862863,23.360268404014363
8.63863863863864,22.853165683852847
8.64864864864865,19.636803447392705
8.65865865865866,24.764649821080585
8.66866866866867,29.930942666818353
8.67867867867868,23.291218919540732
8.68868868868869,25.12601162349347
8.6986986986987,16.931036612884817
8.70870870870871,19.13890450531805
8.71871871871872,30.199251937876262
8.72872872872873,13.630755962975389
8.73873873873874,22.454078736202717
8.74874874874875,22.327937136688735
8.75875875875876,25.06537983132422
8.76876876876877,19.854972146196246
8.77877877877878,14.872612835345715
8.78878878878879,15.848634366816299
8.7987987987988,31.659018643317538
8.80880880880881,19.087518811913476
8.81881881881882,26.124422253865013
8.82882882882883,24.732216455819994
8.83883883883884,14.912316509205853
8.84884884884885,23.97084474959305
8.85885885885886,23.008956485491225
8.86886886886887,18.63646739547267
8.87887887887888,25.698714108020063
8.88888888888889,19.414480997857254
8.8988988988989,23.504516243949833
8.90890890890891,8.118391506167603
8.91891891891892,27.25043132156297
8.92892892892893,29.81864580076917
8.93893893893894,24.076742428209077
8.94894894894895,19.508047206699846
8.95895895895896,19.18104657496528
8.96896896896897,32.264478046017274
8.97897897897898,27.827405557799366
8.98898898898899,23.19096045693973
8.998998998999,23.70122267902819
9.00900900900901,25.711279522871397
9.01901901901902,22.61289311511372
9.02902902902903,30.159080236922893
9.03903903903904,30.76379810406011
9.04904904904905,26.44879264577866
9.05905905905906,35.66240705899739
9.06906906906907,34.09384882325617
9.07907907907908,29.802968869979107
9.08908908908909,20.458462338527994
9.0990990990991,23.055701136508247
9.10910910910911,37.3905992157578
9.11911911911912,27.145782248756166
9.12912912912913,17.085561209262117
9.13913913913914,22.842219007421175
9.14914914914915,33.58284028406242
9.15915915915916,23.27095416927921
9.16916916916917,31.160030706969177
9.17917917917918,24.90811155986922
9.18918918918919,22.2701646969512
9.1991991991992,35.28105783536643
9.20920920920921,26.94661001632965
9.21921921921922,23.960456227336326
9.22922922922923,28.4789611048725
9.23923923923924,44.25755125497555
9.24924924924925,29.07602052078002
9.25925925925926,21.588947951559195
9.26926926926927,23.793734852203002
9.27927927927928,23.963347067320942
9.28928928928929,32.25548505524693
9.2992992992993,23.799066774512532
9.30930930930931,20.517859033274302
9.31931931931932,25.025724499507238
9.32932932932933,37.935310884687034
9.33933933933934,26.091413996577877
9.34934934934935,31.60312602431552
9.35935935935936,16.15709163653149
9.36936936936937,22.314901432730828
9.37937937937938,30.292402857408884
9.38938938938939,36.123847411520565
9.3993993993994,28.784173785211113
9.40940940940941,35.64506885219114
9.41941941941942,37.68243704084509
9.42942942942943,34.68711406361962
9.43943943943944,22.135659687312256
9.44944944944945,39.57878167754191
9.45945945945946,33.03738621946114
9.46946946946947,29.292292907106432
9.47947947947948,28.38316060980512
9.48948948948949,32.9398247585677
9.4994994994995,43.83473860739605
9.50950950950951,21.56984834676131
9.51951951951952,31.514858102767747
9.52952952952953,23.886033931144212
9.53953953953954,38.16090931618504
9.54954954954955,22.44639933921356
9.55955955955956,23.58417148386367
9.56956956956957,29.645399380007902
9.57957957957958,25.480468882825875
9.58958958958959,32.7528854285
9.5995995995996,28.11850558130692
9.60960960960961,30.656501075524883
9.61961961961962,27.164859990590468
9.62962962962963,29.90127808608278
9.63963963963964,34.66864795667958
9.64964964964965,42.06641997942765
9.65965965965966,42.163683141120075
9.66966966966967,33.17575450748187
9.67967967967968,34.514870714726165
9.68968968968969,31.48776456873153
9.6996996996997,29.484587073087727
9.70970970970971,24.807514238836
9.71971971971972,37.85469944255533
9.72972972972973,29.704236227028876
9.73973973973974,37.743441156120454
9.74974974974975,39.53851090945183
9.75975975975976,34.891058099287726
9.76976976976977,31.506657060380135
9.77977977977978,38.79523793419705
9.78978978978979,29.218207240592573
9.7997997997998,31.014265056992087
9.80980980980981,34.878216277443116
9.81981981981982,43.35492306650442
9.82982982982983,26.485381711724195
9.83983983983984,24.159158592912366
9.84984984984985,32.77415199511583
9.85985985985986,40.818030985384226
9.86986986986987,30.98851220340465
9.87987987987988,42.17820482525735
9.88988988988989,35.16587326572008
9.8998998998999,30.342241152394116
9.90990990990991,37.71237867341332
9.91991991991992,43.64026739712688
9.92992992992993,32.56964808526408
9.93993993993994,39.30021154672484
9.94994994994995,30.002378887581642
9.95995995995996,48.76989659466267
9.96996996996997,42.81518604554081
9.97997997997998,44.77106307498746
9.98998998998999,39.14400304180248
10.0,42.71043090214582
